[
  {"id":1,"userId":1,
    "firstName":["Jack","text"],
    "lastName":["Rackum","text"]},
  {"id":3,"userId":1,"firstName":["Maria","text"],
    "lastName":["Quinn","text"]},
  {"firstName":["John","text"],
    "lastName":["Doe","text"],
    "email":["john@doe.com","email"],
    "homePhone":["","tel"],
    "cellPhone":["","tel"],
    "birthday":["","date"],
    "website":["","url"],
    "userId":1,"id":4},
  {"firstName":["Sally","text"],
    "lastName":["Downs","text"],
    "email":["","email"],
    "favoriteColor":["#85dc28","color"],
    "userId":1,"id":5},{"id":2,"userId":1,
  "firstName":["Ellery Oliver","text"],
  "lastName":["Queen","text"],
  "homephone":["123-456-7890","tel"],
  "email":["eoq@gmail.com","email"]}]
